{
  "generators": [
    [
      [
        1,
        7
      ],
      [
        2,
        8
      ],
      [
        3
      ],
      [
        4
      ],
      [
        5
      ],
      [
        6
      ],
      [
        9,
        15
      ],
      [
        10,
        16
      ],
      [
        11
      ],
      [
        12
      ],
      [
        13
      ],
      [
        14
      ]
    ],
    [
      [
        1,
        14,
        3,
        10,
        9
      ],
      [
        2,
        6,
        16,
        7,
        4
      ],
      [
        5,
        8,
        12,
        13,
        11
      ],
      [
        15
      ]
    ]
  ],
  "coords": {
    "1": [
      -0.11803398874989583,
      0.36327126400268006
    ],
    "2": [
      -0.618033988749895,
      -1.7763568394002505e-15
    ],
    "3": [
      0.30901699437494806,
      -0.22451398828979205
    ],
    "4": [
      -0.1909830056250511,
      -0.5877852522924738
    ],
    "5": [
      0.30901699437494495,
      0.9510565162951544
    ],
    "6": [
      -0.1909830056250542,
      0.5877852522924726
    ],
    "7": [
      0.500000000000001,
      -0.3632712640026793
    ],
    "8": [
      1.0,
      2.55351295663786e-15
    ],
    "9": [
      -0.3819660112501052,
      -1.1102230246251565e-15
    ],
    "10": [
      -0.1180339887498939,
      -0.36327126400268095
    ],
    "11": [
      -0.8090169943749492,
      0.5877852522924711
    ],
    "12": [
      0.3090169943749499,
      -0.951056516295153
    ],
    "13": [
      -0.8090169943749461,
      -0.5877852522924755
    ],
    "14": [
      0.30901699437494684,
      0.22451398828979338
    ],
    "15": [
      0.7639320225002104,
      1.8318679906315083e-15
    ],
    "16": [
      0.49999999999999917,
      0.3632712640026817
    ]
  },
  "circles": {
    "0": {
      "center": [
        0.19098300562505255,
        3.469446951953614e-16
      ],
      "radii": [
        0.47692506126500783,
        0.8090169943749476,
        0.5729490168751578,
        0.47692506126500783
      ]
    },
    "1": {
      "center": [
        -3.87436358547014e-17,
        -1.4123355522175383e-16
      ],
      "radii": [
        0.3819660112501052,
        0.6180339887498949,
        1.0000000000000002
      ]
    }
  }
}