{
  "generators": [
    [
      [
        1,
        10,
        9,
        7,
        12,
        3,
        4,
        14
      ],
      [
        2,
        8,
        6,
        16,
        11,
        13,
        15,
        5
      ]
    ],
    [
      [
        1
      ],
      [
        2,
        9
      ],
      [
        3,
        12
      ],
      [
        4
      ],
      [
        5,
        14
      ],
      [
        6
      ],
      [
        7
      ],
      [
        8,
        15
      ],
      [
        10
      ],
      [
        11
      ],
      [
        13
      ]
    ]
  ],
  "coords": {
    "1": [
      0.41421356237309526,
      -0.0
    ],
    "2": [
      -0.7071067811865476,
      0.7071067811865477
    ],
    "3": [
      -0.2928932188134524,
      0.29289321881345254
    ],
    "4": [
      5.551115123125783e-17,
      0.41421356237309515
    ],
    "5": [
      -1.0000000000000002,
      5.551115123125783e-17
    ],
    "6": [
      0.7071067811865477,
      0.7071067811865475
    ],
    "7": [
      -0.2928932188134525,
      -0.29289321881345254
    ],
    "8": [
      1.6653345369377348e-16,
      1.0000000000000004
    ],
    "9": [
      1.1102230246251565e-16,
      -0.41421356237309515
    ],
    "10": [
      0.29289321881345265,
      -0.29289321881345254
    ],
    "11": [
      0.7071067811865478,
      -0.7071067811865478
    ],
    "12": [
      -0.41421356237309503,
      -0.0
    ],
    "13": [
      0.0,
      -1.0000000000000002
    ],
    "14": [
      0.29289321881345265,
      0.29289321881345254
    ],
    "15": [
      -0.7071067811865476,
      -0.7071067811865476
    ],
    "16": [
      1.0000000000000004,
      -1.1102230246251565e-16
    ]
  },
  "circles": {
    "0": {
      "center": [
        1.0916258520476334e-16,
        -1.0839226509442305e-17
      ],
      "radii": [
        0.4142135623730951,
        1.0000000000000002
      ]
    },
    "1": {
      "center": [
        -0.3535533905932738,
        0.1464466094067263
      ],
      "radii": [
        0.6628271480711837,
        0.15851266778110723,
        0.6628271480711837,
        0.923879532511287
      ]
    }
  }
}