{
  "generators": [
    [
      [
        1,
        13,
        22,
        16,
        14,
        2,
        18,
        24
      ],
      [
        3,
        23,
        21,
        11,
        12,
        17,
        19,
        4
      ],
      [
        5,
        8,
        25,
        6,
        15,
        7,
        20,
        9
      ],
      [
        10
      ]
    ],
    [
      [
        1,
        6
      ],
      [
        2,
        7
      ],
      [
        3,
        8
      ],
      [
        4,
        9
      ],
      [
        5,
        10
      ]
    ]
  ],
  "coords": {
    "1": [
      0.11134075993797939,
      0.36809470956186136
    ],
    "2": [
      0.11134075993790334,
      -0.3680947095618842
    ],
    "3": [
      0.847530179061725,
      0.3680947095617853
    ],
    "4": [
      0.8475301790616488,
      -0.3680947095619603
    ],
    "5": [
      -0.5616935915005576,
      5.808416247620649e-14
    ],
    "6": [
      0.32696564856146304,
      -0.36809470956190654
    ],
    "7": [
      0.3269656485615391,
      0.36809470956183904
    ],
    "8": [
      -0.40922377056228254,
      -0.36809470956183044
    ],
    "9": [
      -0.4092237705622065,
      0.36809470956191515
    ],
    "10": [
      1.0,
      -1.0325748466719049e-13
    ],
    "11": [
      -0.9297883010623923,
      0.3680947095619689
    ],
    "12": [
      -0.9297883010624685,
      -0.3680947095617767
    ],
    "13": [
      -0.19359888193864686,
      0.36809470956189283
    ],
    "14": [
      -0.1935988819387229,
      -0.36809470956185275
    ],
    "15": [
      0.47943546949981414,
      -4.94769356193915e-14
    ],
    "16": [
      -0.4092237705622603,
      -0.15246982093827074
    ],
    "17": [
      -0.40922377056233633,
      -0.8886592400620165
    ],
    "18": [
      0.3269656485614853,
      -0.1524698209383468
    ],
    "19": [
      0.32696564856140925,
      -0.8886592400620925
    ],
    "20": [
      -0.041129061000317976,
      0.5205645305001902
    ],
    "21": [
      -0.4092237705621527,
      0.8886592400621011
    ],
    "22": [
      -0.40922377056222875,
      0.15246982093835545
    ],
    "23": [
      0.3269656485615929,
      0.888659240062025
    ],
    "24": [
      0.32696564856151683,
      0.1524698209382794
    ],
    "25": [
      -0.04112906100042554,
      -0.5205645305001816
    ]
  },
  "circles": {
    "0": {
      "center": [
        -0.04112906100037176,
        4.303613428407496e-15
      ],
      "radii": [
        0.3984228425986652,
        0.9618778301609384,
        0.5205645305001858
      ]
    },
    "1": {
      "center": [
        0.2191532042497212,
        -2.2586661095492e-14
      ],
      "radii": [
        0.38355865047723814,
        0.38355865047723814,
        0.7282522486620122,
        0.7282522486620122,
        0.7808467957502788
      ]
    }
  }
}