{
  "generators": [
    [
      [
        1,
        6,
        5,
        3
      ],
      [
        2
      ],
      [
        4
      ],
      [
        7
      ],
      [
        8
      ],
      [
        9,
        10,
        11,
        12
      ]
    ],
    [
      [
        1
      ],
      [
        2,
        7,
        4,
        9
      ],
      [
        3,
        8,
        5,
        11
      ],
      [
        6
      ],
      [
        10
      ]
    ]
  ],
  "coords": {
    "1": [
      0.6666666666666665,
      0.33333333333333337
    ],
    "2": [
      1.6653345369377348e-16,
      -1.0
    ],
    "3": [
      -2.7755575615628914e-17,
      0.33333333333333326
    ],
    "4": [
      -1.6653345369377348e-16,
      0.9999999999999999
    ],
    "5": [
      5.551115123125783e-17,
      -0.33333333333333337
    ],
    "6": [
      0.6666666666666667,
      -0.33333333333333326
    ],
    "7": [
      -1.0,
      -1.6653345369377348e-16
    ],
    "8": [
      0.33333333333333337,
      -0.0
    ],
    "9": [
      1.0,
      1.1102230246251565e-16
    ],
    "10": [
      0.33333333333333337,
      -0.6666666666666666
    ],
    "11": [
      -0.3333333333333333,
      -8.326672684688674e-17
    ],
    "12": [
      0.33333333333333326,
      0.6666666666666667
    ]
  },
  "circles": {
    "0": {
      "center": [
        0.33333333333333337,
        -0.0
      ],
      "radii": [
        0.4714045207910317,
        0.6666666666666667
      ]
    },
    "1": {
      "center": [
        0.0,
        -0.0
      ],
      "radii": [
        1.0,
        0.33333333333333337
      ]
    }
  }
}