{
  "generators": [
    [
      [
        1
      ],
      [
        2,
        17
      ],
      [
        3,
        10
      ],
      [
        4
      ],
      [
        5
      ],
      [
        6,
        20
      ],
      [
        7,
        15
      ],
      [
        8
      ],
      [
        9,
        13
      ],
      [
        11,
        12
      ],
      [
        14
      ],
      [
        16
      ],
      [
        18,
        21
      ],
      [
        19
      ]
    ],
    [
      [
        1,
        11
      ],
      [
        2,
        9
      ],
      [
        3
      ],
      [
        4,
        16
      ],
      [
        5
      ],
      [
        6,
        15
      ],
      [
        7
      ],
      [
        8,
        21
      ],
      [
        10
      ],
      [
        12,
        19
      ],
      [
        13
      ],
      [
        14,
        18
      ],
      [
        17
      ],
      [
        20
      ]
    ],
    [
      [
        1,
        14
      ],
      [
        2,
        8
      ],
      [
        3,
        7
      ],
      [
        4
      ],
      [
        5,
        6
      ],
      [
        9
      ],
      [
        10,
        11
      ],
      [
        12
      ],
      [
        13
      ],
      [
        15
      ],
      [
        16,
        21
      ],
      [
        17
      ],
      [
        18,
        20
      ],
      [
        19
      ]
    ]
  ],
  "coords": {
    "1": [
      0.5121951219512195,
      0.0
    ],
    "2": [
      -0.8048780487804877,
      0.0
    ],
    "3": [
      -0.36585365853658536,
      0.0
    ],
    "4": [
      -0.5121951219512195,
      0.0
    ],
    "5": [
      -0.5609756097560976,
      0.0
    ],
    "6": [
      0.6097560975609756,
      0.0
    ],
    "7": [
      0.41463414634146345,
      0.0
    ],
    "8": [
      0.853658536585366,
      0.0
    ],
    "9": [
      1.0,
      0.0
    ],
    "10": [
      0.3658536585365854,
      0.0
    ],
    "11": [
      -0.31707317073170727,
      0.0
    ],
    "12": [
      0.3170731707317074,
      0.0
    ],
    "13": [
      -1.0,
      0.0
    ],
    "14": [
      -0.4634146341463415,
      0.0
    ],
    "15": [
      -0.4146341463414634,
      0.0
    ],
    "16": [
      0.7073170731707318,
      0.0
    ],
    "17": [
      0.8048780487804879,
      0.0
    ],
    "18": [
      0.6585365853658537,
      0.0
    ],
    "19": [
      -0.12195121951219508,
      0.0
    ],
    "20": [
      -0.6097560975609755,
      0.0
    ],
    "21": [
      -0.6585365853658536,
      0.0
    ]
  },
  "circles": {
    "0": {
      "center": [
        0.0,
        0.0
      ],
      "radii": [
        0.8048780487804879,
        0.3658536585365854,
        0.6097560975609756,
        0.4146341463414634,
        1.0,
        0.3170731707317073,
        0.6585365853658537
      ]
    },
    "1": {
      "center": [
        0.09756097560975614,
        0.0
      ],
      "radii": [
        0.4146341463414634,
        0.9024390243902438,
        0.6097560975609756,
        0.5121951219512195,
        0.7560975609756099,
        0.21951219512195122,
        0.5609756097560975
      ]
    },
    "2": {
      "center": [
        0.024390243902439036,
        0.0
      ],
      "radii": [
        0.48780487804878053,
        0.8292682926829268,
        0.3902439024390244,
        0.5853658536585366,
        0.34146341463414637,
        0.6829268292682927,
        0.6341463414634146
      ]
    }
  }
}