{
  "generators": [
    [
      [
        1,
        12,
        11
      ],
      [
        2,
        3,
        14
      ],
      [
        4,
        10,
        13
      ],
      [
        5,
        7,
        9
      ],
      [
        6
      ],
      [
        8
      ]
    ],
    [
      [
        1,
        14
      ],
      [
        2
      ],
      [
        3
      ],
      [
        4,
        12
      ],
      [
        5,
        6
      ],
      [
        7,
        10
      ],
      [
        8,
        13
      ],
      [
        9,
        11
      ]
    ]
  ],
  "coords": {
    "1": [
      0.48038446141526137,
      -0.0
    ],
    "2": [
      -1.3877787807814457e-17,
      0.2773500981126146
    ],
    "3": [
      1.3877787807814457e-17,
      -0.2773500981126146
    ],
    "4": [
      0.4803844614152614,
      0.554700196225229
    ],
    "5": [
      -0.9607689228305227,
      -0.2773500981126145
    ],
    "6": [
      0.9607689228305227,
      0.2773500981126145
    ],
    "7": [
      5.551115123125783e-17,
      0.8320502943378436
    ],
    "8": [
      0.9607689228305227,
      -0.2773500981126146
    ],
    "9": [
      0.48038446141526137,
      -0.5547001962252291
    ],
    "10": [
      -5.551115123125783e-17,
      -0.8320502943378436
    ],
    "11": [
      -0.48038446141526137,
      0.5547001962252291
    ],
    "12": [
      -0.4803844614152614,
      -0.554700196225229
    ],
    "13": [
      -0.9607689228305227,
      0.2773500981126146
    ],
    "14": [
      -0.48038446141526137,
      -0.0
    ]
  },
  "circles": {
    "0": {
      "center": [
        -0.16012815380508713,
        2.7755575615628914e-17
      ],
      "radii": [
        0.6405126152203484,
        0.3202563076101742,
        0.8473185457363233,
        0.8473185457363233
      ]
    },
    "1": {
      "center": [
        0.0,
        -0.0
      ],
      "radii": [
        0.48038446141526137,
        0.7337993857053428,
        1.0,
        0.8320502943378436,
        1.0,
        0.7337993857053428
      ]
    }
  }
}