{
  "generators": [
    [
      [
        1,
        25,
        15,
        27,
        2,
        19,
        4,
        9,
        12
      ],
      [
        3,
        18,
        28,
        24,
        20,
        6,
        11,
        22,
        21
      ],
      [
        5,
        10,
        23,
        14,
        17,
        26,
        7,
        8,
        13
      ],
      [
        16
      ]
    ],
    [
      [
        1,
        27
      ],
      [
        2,
        20
      ],
      [
        3
      ],
      [
        4,
        16
      ],
      [
        5
      ],
      [
        6,
        14
      ],
      [
        7
      ],
      [
        8,
        13
      ],
      [
        9
      ],
      [
        10
      ],
      [
        11,
        12
      ],
      [
        15
      ],
      [
        17
      ],
      [
        18
      ],
      [
        19
      ],
      [
        21
      ],
      [
        22
      ],
      [
        23
      ],
      [
        24
      ],
      [
        25
      ],
      [
        26
      ]
    ]
  ],
  "coords": {
    "1": [
      -0.14761102841759277,
      0.49212700219737104
    ],
    "2": [
      0.23519582316232773,
      -0.5596261785309717
    ],
    "3": [
      0.9546373703941994,
      -0.29777087004414693
    ],
    "4": [
      0.7047779431648161,
      1.0824674490095276e-15
    ],
    "5": [
      -0.014663604067055538,
      -0.26185530848682376
    ],
    "6": [
      -0.734105151298928,
      -1.4155343563970746e-15
    ],
    "7": [
      -0.014663604067056468,
      0.26185530848682337
    ],
    "8": [
      -0.1476110284175921,
      0.10341473789092503
    ],
    "9": [
      0.5718305188142796,
      0.36527004637774985
    ],
    "10": [
      0.18902366723436198,
      -0.29777087004414826
    ],
    "11": [
      -0.5304178799975094,
      -0.5596261785309731
    ],
    "12": [
      0.2351958231623258,
      0.5596261785309723
    ],
    "13": [
      -0.14761102841759172,
      -0.10341473789092587
    ],
    "14": [
      0.43888309446374424,
      6.661338147750939e-16
    ],
    "15": [
      -0.39747045564697425,
      -0.19435613215322387
    ],
    "16": [
      -0.9999999999999999,
      -1.887379141862766e-15
    ],
    "17": [
      0.3681432475128623,
      0.19435613215322353
    ],
    "18": [
      0.9546373703941983,
      0.29777087004415
    ],
    "19": [
      0.5718305188142808,
      -0.3652700463777482
    ],
    "20": [
      -0.5304178799975116,
      0.5596261785309709
    ],
    "21": [
      0.5718305188142814,
      -0.7539823106841942
    ],
    "22": [
      -0.01466360406705447,
      -0.8573970485751209
    ],
    "23": [
      0.368143247512863,
      -0.19435613215322253
    ],
    "24": [
      -0.014663604067057578,
      0.8573970485751204
    ],
    "25": [
      -0.39747045564697503,
      0.19435613215322214
    ],
    "26": [
      0.18902366723436093,
      0.2977708700441486
    ],
    "27": [
      -0.14761102841759108,
      -0.4921270021973718
    ],
    "28": [
      0.5718305188142789,
      0.7539823106841959
    ]
  },
  "circles": {
    "0": {
      "center": [
        0.13651862877654408,
        8.326672684688674e-17
      ],
      "radii": [
        0.568259314388272,
        0.8706237800754721,
        0.30236446568720016
      ]
    },
    "1": {
      "center": [
        -0.1476110284175919,
        -4.0245584642661925e-16
      ],
      "radii": [
        0.4921270021973715,
        0.6780284251517109,
        0.8523889715824079,
        0.5864941228813362,
        0.10341473789092545,
        0.6780284251517109
      ]
    }
  }
}