{
  "generators": [
    [
      [
        1,
        9,
        4,
        12,
        6
      ],
      [
        2,
        15,
        7,
        8,
        11
      ],
      [
        3,
        5,
        10,
        13,
        14
      ]
    ],
    [
      [
        1
      ],
      [
        2,
        4
      ],
      [
        3,
        6
      ],
      [
        5,
        9
      ],
      [
        7
      ],
      [
        8,
        12
      ],
      [
        10
      ],
      [
        11
      ]
    ]
  ],
  "coords": {
    "1": [
      0.6180339887498947,
      -2.7755575615628914e-17
    ],
    "2": [
      -0.11803398874989486,
      0.3632712640026804
    ],
    "3": [
      -0.8090169943749477,
      -0.5877852522924731
    ],
    "4": [
      -0.5,
      -0.36327126400268045
    ],
    "5": [
      -0.8090169943749475,
      0.5877852522924731
    ],
    "6": [
      0.19098300562505247,
      0.587785252292473
    ],
    "7": [
      0.3090169943749473,
      -0.22451398828979266
    ],
    "8": [
      -0.11803398874989487,
      -0.36327126400268045
    ],
    "9": [
      0.19098300562505252,
      -0.5877852522924731
    ],
    "10": [
      0.30901699437494734,
      0.9510565162951536
    ],
    "11": [
      -0.3819660112501051,
      2.7755575615628914e-17
    ],
    "12": [
      -0.5,
      0.3632712640026805
    ],
    "13": [
      0.9999999999999998,
      -0.0
    ],
    "14": [
      0.30901699437494734,
      -0.9510565162951534
    ],
    "15": [
      0.30901699437494734,
      0.22451398828979263
    ]
  },
  "circles": {
    "0": {
      "center": [
        0.0,
        -0.0
      ],
      "radii": [
        0.6180339887498948,
        0.3819660112501051,
        0.9999999999999999
      ]
    },
    "1": {
      "center": [
        -0.3090169943749474,
        -0.0
      ],
      "radii": [
        0.4104150578227899,
        0.7716809592134085,
        0.7716809592134085,
        0.4104150578227899
      ]
    }
  }
}