{
  "generators": [
    [
      [
        1,
        2,
        3,
        5,
        8
      ],
      [
        4,
        7,
        11,
        15,
        12
      ],
      [
        6,
        9,
        13,
        18,
        16
      ],
      [
        10,
        14,
        19,
        20,
        21
      ],
      [
        17
      ]
    ],
    [
      [
        1
      ],
      [
        2
      ],
      [
        3,
        4
      ],
      [
        5
      ],
      [
        6
      ],
      [
        7,
        10
      ],
      [
        8,
        12
      ],
      [
        9
      ],
      [
        11
      ],
      [
        13,
        17
      ],
      [
        14,
        15
      ],
      [
        16
      ]
    ],
    [
      [
        1
      ],
      [
        2
      ],
      [
        3
      ],
      [
        4,
        6
      ],
      [
        5
      ],
      [
        7,
        9
      ],
      [
        8
      ],
      [
        10
      ],
      [
        11,
        13
      ],
      [
        12,
        16
      ],
      [
        14
      ],
      [
        15,
        18
      ],
      [
        17
      ]
    ]
  ],
  "coords": {
    "1": [
      0.3819660112501052,
      0.0
    ],
    "2": [
      0.11803398874989499,
      0.36327126400268045
    ],
    "3": [
      -0.30901699437494734,
      0.22451398828979274
    ],
    "4": [
      -0.19098300562505255,
      -0.5877852522924729
    ],
    "5": [
      -0.3090169943749474,
      -0.22451398828979258
    ],
    "6": [
      0.19098300562505272,
      0.5877852522924731
    ],
    "7": [
      0.49999999999999994,
      -0.3632712640026804
    ],
    "8": [
      0.11803398874989482,
      -0.3632712640026804
    ],
    "9": [
      -0.4999999999999998,
      0.3632712640026805
    ],
    "10": [
      -0.9999999999999998,
      1.6653345369377348e-16
    ],
    "11": [
      0.5000000000000002,
      0.36327126400268045
    ],
    "12": [
      -0.6180339887498947,
      1.6653345369377348e-16
    ],
    "13": [
      -0.49999999999999994,
      -0.3632712640026803
    ],
    "14": [
      -0.30901699437494745,
      -0.9510565162951534
    ],
    "15": [
      -0.19098300562505238,
      0.5877852522924731
    ],
    "16": [
      0.6180339887498949,
      -5.551115123125783e-17
    ],
    "17": [
      5.377494953072795e-17,
      3.9069787775415767e-17
    ],
    "18": [
      0.19098300562505255,
      -0.587785252292473
    ],
    "19": [
      0.8090169943749475,
      -0.5877852522924732
    ],
    "20": [
      0.8090169943749476,
      0.587785252292473
    ],
    "21": [
      -0.30901699437494723,
      0.9510565162951538
    ]
  },
  "circles": {
    "0": {
      "center": [
        5.377494953072795e-17,
        3.9069787775415767e-17
      ],
      "radii": [
        0.3819660112501051,
        0.6180339887498948,
        0.6180339887498948,
        0.9999999999999999
      ]
    },
    "1": {
      "center": [
        -0.24999999999999997,
        -0.18163563200134014
      ],
      "radii": [
        0.4104150578227899,
        0.7716809592134084,
        0.4104150578227899,
        0.3090169943749474,
        0.7716809592134084
      ]
    },
    "2": {
      "center": [
        5.377494953072795e-17,
        3.9069787775415767e-17
      ],
      "radii": [
        0.6180339887498948,
        0.6180339887498948,
        0.6180339887498948,
        0.6180339887498948,
        0.6180339887498948
      ]
    }
  }
}