{
  "generators": [
    [
      [
        1,
        2
      ],
      [
        3,
        5
      ],
      [
        4
      ],
      [
        6,
        9
      ],
      [
        7
      ],
      [
        8
      ],
      [
        10
      ],
      [
        11,
        14
      ],
      [
        12,
        16
      ],
      [
        13,
        18
      ],
      [
        15
      ],
      [
        17
      ],
      [
        19
      ],
      [
        20,
        25
      ],
      [
        21,
        27
      ],
      [
        22,
        29
      ],
      [
        23,
        31
      ],
      [
        24,
        33
      ],
      [
        26
      ],
      [
        28
      ],
      [
        30
      ],
      [
        32
      ],
      [
        34,
        35
      ],
      [
        36,
        41
      ],
      [
        37
      ],
      [
        38
      ],
      [
        39
      ],
      [
        40
      ],
      [
        42,
        48
      ],
      [
        43
      ],
      [
        44
      ],
      [
        45
      ],
      [
        46
      ],
      [
        47
      ],
      [
        49,
        54
      ],
      [
        50
      ],
      [
        51
      ],
      [
        52
      ],
      [
        53
      ]
    ],
    [
      [
        1,
        49,
        36,
        10,
        24,
        19,
        13
      ],
      [
        2,
        53,
        38,
        54,
        30,
        11,
        15
      ],
      [
        3,
        28,
        56,
        31,
        21,
        6,
        42
      ],
      [
        4,
        22,
        18,
        39,
        52,
        51,
        48
      ],
      [
        5,
        33,
        23,
        17,
        7,
        50,
        44
      ],
      [
        8,
        37,
        43,
        41,
        12,
        32,
        27
      ],
      [
        9,
        47,
        45,
        25,
        34,
        40,
        46
      ],
      [
        14,
        20,
        26,
        16,
        29,
        55,
        35
      ]
    ]
  ],
  "coords": {
    "1": [
      0.5549581320873709,
      -2.7755575615628914e-17
    ],
    "2": [
      -0.15398926418495215,
      0.19309642971379393
    ],
    "3": [
      -0.5,
      0.6269801688313521
    ],
    "4": [
      0.5990311320975806,
      -0.19309642971379384
    ],
    "5": [
      0.9009688679024187,
      -0.4338837391175582
    ],
    "6": [
      0.7225209339563142,
      0.3479477433504715
    ],
    "7": [
      -0.9999999999999999,
      3.885780586188048e-16
    ],
    "8": [
      -0.6234898018587334,
      0.08593599576708669
    ],
    "9": [
      -0.32155206605389547,
      -0.1548513136366777
    ],
    "10": [
      -0.49999999999999994,
      0.24078730940376453
    ],
    "11": [
      0.22252093395631423,
      0.1071604339467074
    ],
    "12": [
      0.5990311320975806,
      0.1930964297137937
    ],
    "13": [
      0.3460107358150476,
      -0.43388373911755795
    ],
    "14": [
      0.1784479339461046,
      0.08593599576708649
    ],
    "15": [
      0.05495813208737113,
      0.2407873094037644
    ],
    "16": [
      -0.19806226419516187,
      1.942890293094024e-16
    ],
    "17": [
      -0.6234898018587333,
      0.78183148246803
    ],
    "18": [
      0.0549581320873712,
      0.626980168831352
    ],
    "19": [
      -0.12348980185873383,
      -0.5410441730642652
    ],
    "20": [
      0.04407300001020955,
      0.1930964297137939
    ],
    "21": [
      0.7225209339563139,
      -0.3479477433504717
    ],
    "22": [
      0.5244586697611525,
      0.34794774335047157
    ],
    "23": [
      0.22252093395631448,
      0.9749279121818234
    ],
    "24": [
      -0.5000000000000001,
      -0.24078730940376408
    ],
    "25": [
      0.35689586789220934,
      0.0
    ],
    "26": [
      -0.12348980185873362,
      0.154851313636678
    ],
    "27": [
      -0.3215520660538952,
      0.5410441730642656
    ],
    "28": [
      -0.8019377358048382,
      3.3306690738754696e-16
    ],
    "29": [
      -0.12348980185873365,
      -0.1548513136366777
    ],
    "30": [
      0.22252093395631417,
      -0.1071604339467073
    ],
    "31": [
      0.17844793394610434,
      -0.7818314824680296
    ],
    "32": [
      0.2225209339563144,
      0.588735052754236
    ],
    "33": [
      0.900968867902419,
      0.43388373911755784
    ],
    "34": [
      0.22252093395631428,
      0.27903242548088025
    ],
    "35": [
      0.17844793394610456,
      -0.08593599576708637
    ],
    "36": [
      -0.12348980185873351,
      0.5410441730642656
    ],
    "37": [
      -0.45592699998979047,
      -0.43388373911755784
    ],
    "38": [
      -0.1539892641849522,
      -0.1930964297137936
    ],
    "39": [
      -0.4559269999897902,
      0.4338837391175583
    ],
    "40": [
      -0.07941680184852387,
      0.3479477433504718
    ],
    "41": [
      0.5244586697611523,
      -0.3479477433504716
    ],
    "42": [
      0.17844793394610475,
      0.7818314824680298
    ],
    "43": [
      0.05495813208737088,
      -0.6269801688313517
    ],
    "44": [
      0.222520933956314,
      -0.9749279121818234
    ],
    "45": [
      0.22252093395631417,
      -0.27903242548088014
    ],
    "46": [
      -0.32155206605389525,
      0.15485131363667803
    ],
    "47": [
      -0.0794168018485241,
      -0.3479477433504715
    ],
    "48": [
      0.22252093395631406,
      -0.5887350527542359
    ],
    "49": [
      0.3460107358150479,
      0.4338837391175582
    ],
    "50": [
      -0.6234898018587338,
      -0.7818314824680294
    ],
    "51": [
      -0.3215520660538955,
      -0.5410441730642653
    ],
    "52": [
      -0.6234898018587336,
      -0.08593599576708608
    ],
    "53": [
      -0.2469796037174672,
      1.942890293094024e-16
    ],
    "54": [
      0.054958132087370985,
      -0.2407873094037642
    ],
    "55": [
      0.04407300001020947,
      -0.19309642971379368
    ],
    "56": [
      -0.5000000000000002,
      -0.6269801688313517
    ]
  },
  "circles": {
    "0": {
      "center": [
        0.2004844339512094,
        0.09654821485689695
      ],
      "radii": [
        0.36738693561744973,
        0.8786560760645229,
        0.5794168018485237,
        0.024458669761152654,
        0.41007441811874623,
        0.5500326920568661,
        0.18380994113358856,
        0.6856374874525651,
        0.41007441811874623,
        0.8786560760645229,
        0.7774790660436856,
        0.18380994113358856,
        0.5500326920568661,
        0.6856374874525651,
        0.36738693561744973
      ]
    },
    "1": {
      "center": [
        -1.8845258246644005e-16,
        1.3587699952327005e-16
      ],
      "radii": [
        0.5549581320873712,
        0.24697960371746702,
        0.8019377358048382,
        0.6293842454258951,
        1.0,
        0.6293842454258951,
        0.3568958678922094,
        0.19806226419516174
      ]
    }
  }
}