{
  "generators": [
    [
      [
        1,
        2,
        33,
        4,
        5,
        27,
        10
      ],
      [
        3,
        22,
        25,
        35,
        34,
        7,
        30
      ],
      [
        6,
        8,
        12,
        17,
        20,
        15,
        11
      ],
      [
        9,
        13,
        18,
        23,
        26,
        21,
        16
      ],
      [
        14,
        19,
        28,
        32,
        29,
        31,
        36
      ],
      [
        24
      ]
    ],
    [
      [
        1
      ],
      [
        2
      ],
      [
        3
      ],
      [
        4,
        6
      ],
      [
        5
      ],
      [
        7,
        11
      ],
      [
        8,
        14
      ],
      [
        9
      ],
      [
        10
      ],
      [
        12
      ],
      [
        13
      ],
      [
        15,
        22
      ],
      [
        16
      ],
      [
        17,
        19
      ],
      [
        18,
        24
      ],
      [
        20,
        27
      ],
      [
        21
      ],
      [
        23
      ],
      [
        25
      ],
      [
        26
      ]
    ],
    [
      [
        1
      ],
      [
        2
      ],
      [
        3
      ],
      [
        4
      ],
      [
        5
      ],
      [
        6,
        9
      ],
      [
        7
      ],
      [
        8,
        13
      ],
      [
        10
      ],
      [
        11,
        16
      ],
      [
        12,
        18
      ],
      [
        14
      ],
      [
        15,
        21
      ],
      [
        17,
        23
      ],
      [
        19
      ],
      [
        20,
        26
      ],
      [
        22
      ],
      [
        24
      ],
      [
        25
      ]
    ]
  ],
  "coords": {
    "1": [
      0.6920214716300959,
      0.0
    ],
    "2": [
      0.4314683302286375,
      0.5410441730642657
    ],
    "3": [
      -0.15398926418495232,
      -0.19309642971379393
    ],
    "4": [
      -0.6234898018587337,
      0.3002568636605011
    ],
    "5": [
      -0.6234898018587338,
      -0.3002568636605013
    ],
    "6": [
      0.12348980185873344,
      -0.5410441730642657
    ],
    "7": [
      -0.1539892641849523,
      0.19309642971379387
    ],
    "8": [
      0.5,
      -0.2407873094037644
    ],
    "9": [
      -0.12348980185873368,
      0.5410441730642656
    ],
    "10": [
      0.4314683302286377,
      -0.5410441730642657
    ],
    "11": [
      -0.34601073581504815,
      -0.4338837391175583
    ],
    "12": [
      0.5,
      0.2407873094037644
    ],
    "13": [
      -0.5000000000000003,
      0.24078730940376425
    ],
    "14": [
      -1.0000000000000004,
      -2.220446049250313e-16
    ],
    "15": [
      -0.5549581320873715,
      2.7755575615628914e-17
    ],
    "16": [
      0.3460107358150479,
      0.4338837391175583
    ],
    "17": [
      0.12348980185873346,
      0.5410441730642656
    ],
    "18": [
      -0.5000000000000003,
      -0.24078730940376447
    ],
    "19": [
      -0.6234898018587339,
      -0.7818314824680301
    ],
    "20": [
      -0.34601073581504815,
      0.4338837391175581
    ],
    "21": [
      0.5549581320873712,
      0.0
    ],
    "22": [
      0.05495813208737107,
      -0.24078730940376442
    ],
    "23": [
      -0.12348980185873373,
      -0.5410441730642657
    ],
    "24": [
      -1.794660593215477e-16,
      -3.7093912574268457e-17
    ],
    "25": [
      0.22252093395631434,
      -0.10716043394670739
    ],
    "26": [
      0.34601073581504793,
      -0.43388373911755823
    ],
    "27": [
      -0.15398926418495215,
      -0.6746710485213226
    ],
    "28": [
      0.22252093395631425,
      -0.9749279121818238
    ],
    "29": [
      0.9009688679024191,
      0.43388373911755823
    ],
    "30": [
      -0.24697960371746736,
      -8.326672684688674e-17
    ],
    "31": [
      0.22252093395631417,
      0.974927912181824
    ],
    "32": [
      0.9009688679024191,
      -0.43388373911755823
    ],
    "33": [
      -0.1539892641849523,
      0.6746710485213226
    ],
    "34": [
      0.05495813208737106,
      0.24078730940376436
    ],
    "35": [
      0.22252093395631428,
      0.10716043394670736
    ],
    "36": [
      -0.623489801858734,
      0.78183148246803
    ]
  },
  "circles": {
    "0": {
      "center": [
        -1.794660593215477e-16,
        -3.7093912574268457e-17
      ],
      "radii": [
        0.6920214716300961,
        0.24697960371746713,
        0.5549581320873713,
        0.5549581320873713,
        1.0000000000000002
      ]
    },
    "1": {
      "center": [
        -0.2500000000000002,
        -0.12039365470188224
      ],
      "radii": [
        0.5625313241865006,
        0.32786292016434954,
        0.7596016272313246,
        0.32786292016434954,
        0.7596016272313246,
        0.27747906604368566,
        0.5625313241865006
      ]
    },
    "2": {
      "center": [
        -1.794660593215477e-16,
        -3.7093912574268457e-17
      ],
      "radii": [
        0.5549581320873713,
        0.5549581320873713,
        0.5549581320873713,
        0.5549581320873713,
        0.5549581320873713,
        0.5549581320873713,
        0.5549581320873713
      ]
    }
  }
}